Company,Payment,Value1,Payment,Value1,Payment,Value1,Payment,Value1,Payment,Value1,Total
Company1,EUR,98.12,USD,50.123,GBP,50.1456,CHF,50,SEK,47,15208.018506620001
Company2,USD,789.123,EUR,50.123,GBP,50.1456,CHF,50,SEK,47,51763.89340662
Company3,GBP,321.1456,USD,50.123,EUR,50.1456,CHF,50,SEK,47,31151.60228662
Company4,CHF,537,USD,50.123,GBP,50.1456,EUR,50,SEK,47,38361.75250662
Company5,SEK,123,USD,50.123,GBP,50.1456,CHF,50,EUR,47,12505.29650662
Company6,EUR,756,USD,50.123,GBP,50.1456,CHF,50,SEK,47,55865.002506619996
