Company,Payment,Value1,Payment,Value1,Payment,Value1,Payment,Value1,Payment,Value1,Total,Total,Total,Total,Total,Total
Company1,EUR,50.12,USD,50.123,GBP,50.1456,CHF,50,SEK,47,12241.61850662,12241.61850662,12241.61850662,12241.61850662,12241.61850662,12241.61850662
Company2,USD,50.123,EUR,50.123,GBP,50.1456,CHF,50,SEK,47,12241.80390662,12241.80390662,12241.80390662,12241.80390662,12241.80390662,12241.80390662
Company3,GBP,50.1456,USD,50.123,EUR,50.1456,CHF,50,SEK,47,12243.20058662,12243.20058662,12243.20058662,12243.20058662,12243.20058662,12243.20058662
Company4,CHF,50,USD,50.123,GBP,50.1456,EUR,50,SEK,47,12234.20250662,12234.20250662,12234.20250662,12234.20250662,12234.20250662,12234.20250662
Company5,SEK,47,USD,50.123,GBP,50.1456,CHF,50,EUR,47,12048.80250662,12048.80250662,12048.80250662,12048.80250662,12048.80250662,12048.80250662
Company6,EUR,89.12345,USD,50.123,GBP,50.1456,CHF,50,SEK,47,14652.03171662,14652.03171662,14652.03171662,14652.03171662,14652.03171662,14652.03171662
